PERIOD,EnergyCostReal_per_MWh,SystemCostPerPeriod_NPV,SystemCostPerPeriod_Real,SystemDemand_MWh
2020,7.42517493867,72939595.8458,10414227.5224,1402556.52
2030,6.17924233605,49143088.7683,11429287.2851,1849626.0
