PERIOD,EnergyCostReal_per_MWh,SystemCostPerPeriod_NPV,SystemCostPerPeriod_Real,SystemDemand_MWh
2020,6.80130158904,66811111.2839,9539209.8882,1402556.52
2030,5.72436756156,45525501.0115,10587939.0754,1849626.0
