PERIOD,EnergyCostReal_per_MWh,SystemCostPerPeriod_NPV,SystemCostPerPeriod_Real,SystemDemand_MWh
2020,6.93433679009,68117953.7324,9725799.27681,1402556.52
2030,5.8134802515,46234208.0978,10752764.2237,1849626.0
